<?xml version="1.0" encoding="utf-8"?>
<beans xmlns="http://www.springframework.org/schema/beans"
       xmlns:context="http://www.springframework.org/schema/context"
       xmlns:xsi="http://www.w3.org/2001/XMLSchema-instance" xmlns:tx="http://www.springframework.org/schema/tx"
       xsi:schemaLocation="http://www.springframework.org/schema/beans http://www.springframework.org/schema/beans/spring-beans.xsd   http://www.springframework.org/schema/context http://www.springframework.org/schema/context/spring-context.xsd http://www.springframework.org/schema/tx http://www.springframework.org/schema/tx/spring-tx.xsd">

    <context:component-scan base-package="com.gallery.gallerydb.controller,com.gallery.gallerydb.service,com.gallery.gallerydb.dao"/>
    <bean class="com.wavemaker.runtime.data.spring.WMPropertyPlaceholderConfigurer">
        <property name="locations">
            <list>
                <value>
                    classpath:GalleryDB.properties
                </value>
            </list>
        </property>
        <property name="ignoreUnresolvablePlaceholders" value="true"/>
        <property name="systemPropertiesModeName" value="SYSTEM_PROPERTIES_MODE_OVERRIDE"/>
        <property name="searchSystemEnvironment" value="true"/>
    </bean>

    <bean id="GalleryDBHikariConfig" class="com.zaxxer.hikari.HikariConfig">
        <property name="jdbcUrl" value="${GalleryDB.url}"/>
        <property name="driverClassName" value="${GalleryDB.driverClass}"/>
        <property name="username" value="${GalleryDB.username}"/>
        <property name="password" value="${GalleryDB.password}"/>
        <property name="maximumPoolSize" value="${GalleryDB.maxPoolSize}"/>
        <property name="minimumIdle" value="${GalleryDB.minPoolSize}"/>
        <property name="connectionTimeout" value="30000" />
        <property name="validationTimeout" value="5000" />
        <property name="idleTimeout" value="600000" />
        <property name="maxLifetime" value="1800000" />
        <property name="initializationFailTimeout" value="-1" />
        <property name="leakDetectionThreshold" value="120000" />
        <property name="registerMbeans" value="false" />
    </bean>

    <bean id="GalleryDBWMManagedDataSource" class="com.zaxxer.hikari.HikariDataSource" destroy-method="close" lazy-init="true">
        <constructor-arg ref="GalleryDBHikariConfig"/>
    </bean>

    <bean id="GalleryDBEntityInterceptor" class="com.wavemaker.runtime.data.interceptors.WMEntityInterceptor"/>

    <bean id="GalleryDBSessionFactory" class="org.springframework.orm.hibernate5.LocalSessionFactoryBean">
        <property name="dataSource" ref="GalleryDBDataSource"/>
        <property name="packagesToScan" value="com.gallery.gallerydb"/>
        <property name="entityInterceptor" ref="GalleryDBEntityInterceptor"/>
        <property name="entityTypeFilters" ref="nonHistoryEntitiesFilter"/>
        <property name="mappingResources">
            <list>
                <value>
                GalleryDB-queries.hbm.xml
                </value>
            </list>
        </property>

        <property name="hibernateProperties" ref="GalleryDBHibernateProperties"/>
    </bean>
    <bean id="GalleryDBTransactionManager" class="org.springframework.orm.hibernate5.HibernateTransactionManager">
        <property name="sessionFactory" ref="GalleryDBSessionFactory"/>
        <property name="defaultTimeout" value="${GalleryDB.transactionTimeout}"/>
    </bean>
    <bean id="GalleryDBTemplate" class="org.springframework.orm.hibernate5.HibernateTemplate">
        <property name="sessionFactory" ref="GalleryDBSessionFactory"/>
    </bean>
    
    <bean id="GalleryDBWMQLTypeHelper" class="com.wavemaker.runtime.data.dao.query.types.wmql.WMQLDefaultTypeHelper" lazy-init="false" />
    
    <bean id="GalleryDBWMQueryExecutor" class="com.wavemaker.runtime.data.dao.query.WMQueryExecutorImpl">
        <property name="template" ref="GalleryDBTemplate"/>
    </bean>
    <bean id="GalleryDBWMProcedureExecutor" class="com.wavemaker.runtime.data.dao.procedure.WMProcedureExecutorImpl">
        <property name="template" ref="GalleryDBTemplate"/>
        <property name="serviceId" value="GalleryDB"/>
    </bean>

    <bean id="GalleryDBHibernateProperties" class="org.springframework.beans.factory.config.PropertiesFactoryBean">
        <property name="properties">
            <props>
                <prop key="hibernate.dialect">
                ${GalleryDB.dialect}
                </prop>
                <prop key="hibernate.show_sql">
                    false
                </prop>
                <prop key="hibernate.globally_quoted_identifiers">
                    false
                </prop>
                <prop key="hibernate.hbm2ddl.auto">
                ${GalleryDB.hbm2ddl}
                </prop>
                <prop key="hibernate.temp.use_jdbc_metadata_defaults">
                    false
                </prop>
                <prop key="hibernate.schema_update.unique_constraint_strategy">
                    skip
                </prop>
            </props>
        </property>
    </bean>

    <bean id="GalleryDBPageableHandlerMethodResolver" class="com.wavemaker.runtime.resolver.WMPageableHandlerMethodArgumentResolver" >
        <property name="pageParameterName" value="page"/>
        <property name="sizeParameterName" value="size"/>
        <property name="oneIndexedParameters" value="true"/>
        <property name="maxPageSize" value="${GalleryDB.maxPageSize}"/>
        <property name="fallbackPageable">
            <bean  class="org.springframework.data.domain.PageRequest">
                <constructor-arg  value="0"/>
                <constructor-arg  value="20"/>
            </bean>
        </property>
    </bean>

    <bean id="GalleryDBDataSource" class="com.wavemaker.runtime.data.datasource.WMDataSource">
        <property name="dataSourceType" value="${GalleryDB.dataSourceType}"/>
        <property name="jndiName" value="${GalleryDB.jndiName}"/>
        <property name="serviceId" value="GalleryDB"/>
    </bean>


    <tx:annotation-driven/>

</beans>

