{
  "cards_from_Images" : {
    "_id" : "wm-cards_from_Images-wm.LiveVariable-1559047955784",
    "name" : "cards_from_Images",
    "owner" : "Page",
    "category" : "wm.LiveVariable",
    "dataBinding" : [ ],
    "operation" : "read",
    "dataSet" : [ ],
    "type" : "Images",
    "isList" : true,
    "saveInPhonegap" : false,
    "maxResults" : 20,
    "designMaxResults" : 10,
    "inFlightBehavior" : "executeLast",
    "startUpdate" : true,
    "autoUpdate" : true,
    "transformationRequired" : false,
    "liveSource" : "GalleryDB",
    "ignoreCase" : true,
    "matchMode" : "startignorecase",
    "orderBy" : "id asc",
    "propertiesMap" : {
      "columns" : [ {
        "fieldName" : "userDetails",
        "type" : "integer",
        "fullyQualifiedType" : "integer",
        "columnName" : "owner_id",
        "isPrimaryKey" : false,
        "notNull" : false,
        "length" : 0,
        "precision" : 10,
        "generator" : "assigned",
        "isRelated" : true,
        "defaultValue" : "",
        "relatedTableName" : "user_details",
        "relatedEntityName" : "UserDetails",
        "relatedColumnName" : "ownerId",
        "relatedFieldName" : "userDetails.id",
        "isList" : false,
        "targetTable" : "user_details",
        "scale" : 0,
        "columns" : [ {
          "fieldName" : "id",
          "type" : "integer",
          "fullyQualifiedType" : "integer",
          "columnName" : "ID",
          "isPrimaryKey" : true,
          "notNull" : true,
          "length" : 0,
          "precision" : 10,
          "generator" : "identity",
          "isRelated" : false,
          "defaultValue" : "",
          "scale" : 0
        }, {
          "fieldName" : "userName",
          "type" : "string",
          "fullyQualifiedType" : "string",
          "columnName" : "user_name",
          "isPrimaryKey" : false,
          "notNull" : false,
          "length" : 255,
          "precision" : 0,
          "generator" : "assigned",
          "isRelated" : false,
          "defaultValue" : "",
          "scale" : 0
        }, {
          "fieldName" : "password",
          "type" : "string",
          "fullyQualifiedType" : "string",
          "columnName" : "password",
          "isPrimaryKey" : false,
          "notNull" : false,
          "length" : 255,
          "precision" : 0,
          "generator" : "assigned",
          "isRelated" : false,
          "defaultValue" : "",
          "scale" : 0
        }, {
          "fieldName" : "mail",
          "type" : "string",
          "fullyQualifiedType" : "string",
          "columnName" : "mail",
          "isPrimaryKey" : false,
          "notNull" : false,
          "length" : 255,
          "precision" : 0,
          "generator" : "assigned",
          "isRelated" : false,
          "defaultValue" : "",
          "scale" : 0
        }, {
          "fieldName" : "imagePath",
          "type" : "string",
          "fullyQualifiedType" : "string",
          "columnName" : "image_path",
          "isPrimaryKey" : false,
          "notNull" : false,
          "length" : 255,
          "precision" : 0,
          "generator" : "assigned",
          "isRelated" : false,
          "defaultValue" : "",
          "scale" : 0
        }, {
          "fieldName" : "role",
          "type" : "string",
          "fullyQualifiedType" : "string",
          "columnName" : "role",
          "isPrimaryKey" : false,
          "notNull" : false,
          "length" : 255,
          "precision" : 0,
          "generator" : "assigned",
          "isRelated" : false,
          "defaultValue" : "user",
          "scale" : 0
        } ]
      }, {
        "fieldName" : "id",
        "type" : "integer",
        "fullyQualifiedType" : "integer",
        "columnName" : "ID",
        "isPrimaryKey" : true,
        "notNull" : true,
        "length" : 0,
        "precision" : 10,
        "generator" : "identity",
        "isRelated" : false,
        "defaultValue" : "",
        "scale" : 0
      }, {
        "fieldName" : "imagePath",
        "type" : "string",
        "fullyQualifiedType" : "string",
        "columnName" : "image_path",
        "isPrimaryKey" : false,
        "notNull" : false,
        "length" : 255,
        "precision" : 0,
        "generator" : "assigned",
        "isRelated" : false,
        "defaultValue" : "",
        "scale" : 0
      } ],
      "entityName" : "Images",
      "fullyQualifiedName" : "com.gallery.gallerydb.Images",
      "tableType" : "TABLE",
      "primaryFields" : [ "id" ]
    },
    "isDefault" : true,
    "bindCount" : 1,
    "tableName" : "images",
    "tableType" : "TABLE",
    "properties" : [ "userDetails" ],
    "relatedTables" : [ {
      "columnName" : "userDetails",
      "relationName" : "userDetails",
      "type" : "UserDetails",
      "watchOn" : "GalleryDBUserDetailsData",
      "package" : "com.gallery.gallerydb.Images"
    } ],
    "filterExpressions" : { },
    "package" : "com.gallery.gallerydb.Images"
  },
  "dialog_card" : {
    "_id" : "wm-dialog_card-wm.LiveVariable-1559133999837",
    "name" : "dialog_card",
    "owner" : "Page",
    "category" : "wm.LiveVariable",
    "dataBinding" : [ ],
    "operation" : "read",
    "dataSet" : [ ],
    "type" : "ImageClicks",
    "isList" : true,
    "saveInPhonegap" : false,
    "maxResults" : 10,
    "designMaxResults" : 10,
    "inFlightBehavior" : "executeLast",
    "startUpdate" : true,
    "autoUpdate" : true,
    "transformationRequired" : false,
    "liveSource" : "GalleryDB",
    "ignoreCase" : true,
    "matchMode" : "startignorecase",
    "orderBy" : "id asc",
    "propertiesMap" : {
      "columns" : [ {
        "fieldName" : "images",
        "type" : "integer",
        "fullyQualifiedType" : "integer",
        "columnName" : "image_id",
        "isPrimaryKey" : false,
        "notNull" : false,
        "length" : 0,
        "precision" : 10,
        "generator" : "assigned",
        "isRelated" : true,
        "defaultValue" : "",
        "relatedTableName" : "images",
        "relatedEntityName" : "Images",
        "relatedColumnName" : "imageId",
        "relatedFieldName" : "images.id",
        "isList" : false,
        "targetTable" : "images",
        "scale" : 0,
        "columns" : [ {
          "fieldName" : "userDetails",
          "type" : "integer",
          "fullyQualifiedType" : "integer",
          "columnName" : "owner_id",
          "isPrimaryKey" : false,
          "notNull" : false,
          "length" : 0,
          "precision" : 10,
          "generator" : "assigned",
          "isRelated" : true,
          "defaultValue" : "",
          "relatedColumnName" : "ownerId",
          "targetTable" : "user_details",
          "scale" : 0
        }, {
          "fieldName" : "id",
          "type" : "integer",
          "fullyQualifiedType" : "integer",
          "columnName" : "ID",
          "isPrimaryKey" : true,
          "notNull" : true,
          "length" : 0,
          "precision" : 10,
          "generator" : "identity",
          "isRelated" : false,
          "defaultValue" : "",
          "scale" : 0
        }, {
          "fieldName" : "imagePath",
          "type" : "string",
          "fullyQualifiedType" : "string",
          "columnName" : "image_path",
          "isPrimaryKey" : false,
          "notNull" : false,
          "length" : 255,
          "precision" : 0,
          "generator" : "assigned",
          "isRelated" : false,
          "defaultValue" : "",
          "scale" : 0
        } ]
      }, {
        "fieldName" : "userDetails",
        "type" : "integer",
        "fullyQualifiedType" : "integer",
        "columnName" : "user_id",
        "isPrimaryKey" : false,
        "notNull" : false,
        "length" : 0,
        "precision" : 10,
        "generator" : "assigned",
        "isRelated" : true,
        "defaultValue" : "",
        "relatedTableName" : "user_details",
        "relatedEntityName" : "UserDetails",
        "relatedColumnName" : "userId",
        "relatedFieldName" : "userDetails.id",
        "isList" : false,
        "targetTable" : "user_details",
        "scale" : 0,
        "columns" : [ {
          "fieldName" : "id",
          "type" : "integer",
          "fullyQualifiedType" : "integer",
          "columnName" : "ID",
          "isPrimaryKey" : true,
          "notNull" : true,
          "length" : 0,
          "precision" : 10,
          "generator" : "identity",
          "isRelated" : false,
          "defaultValue" : "",
          "scale" : 0
        }, {
          "fieldName" : "userName",
          "type" : "string",
          "fullyQualifiedType" : "string",
          "columnName" : "user_name",
          "isPrimaryKey" : false,
          "notNull" : false,
          "length" : 255,
          "precision" : 0,
          "generator" : "assigned",
          "isRelated" : false,
          "defaultValue" : "",
          "scale" : 0
        }, {
          "fieldName" : "password",
          "type" : "string",
          "fullyQualifiedType" : "string",
          "columnName" : "password",
          "isPrimaryKey" : false,
          "notNull" : false,
          "length" : 255,
          "precision" : 0,
          "generator" : "assigned",
          "isRelated" : false,
          "defaultValue" : "",
          "scale" : 0
        }, {
          "fieldName" : "mail",
          "type" : "string",
          "fullyQualifiedType" : "string",
          "columnName" : "mail",
          "isPrimaryKey" : false,
          "notNull" : false,
          "length" : 255,
          "precision" : 0,
          "generator" : "assigned",
          "isRelated" : false,
          "defaultValue" : "",
          "scale" : 0
        }, {
          "fieldName" : "imagePath",
          "type" : "string",
          "fullyQualifiedType" : "string",
          "columnName" : "image_path",
          "isPrimaryKey" : false,
          "notNull" : false,
          "length" : 255,
          "precision" : 0,
          "generator" : "assigned",
          "isRelated" : false,
          "defaultValue" : "",
          "scale" : 0
        }, {
          "fieldName" : "role",
          "type" : "string",
          "fullyQualifiedType" : "string",
          "columnName" : "role",
          "isPrimaryKey" : false,
          "notNull" : false,
          "length" : 255,
          "precision" : 0,
          "generator" : "assigned",
          "isRelated" : false,
          "defaultValue" : "user",
          "scale" : 0
        } ]
      }, {
        "fieldName" : "id",
        "type" : "integer",
        "fullyQualifiedType" : "integer",
        "columnName" : "ID",
        "isPrimaryKey" : true,
        "notNull" : true,
        "length" : 0,
        "precision" : 10,
        "generator" : "identity",
        "isRelated" : false,
        "defaultValue" : "",
        "scale" : 0
      }, {
        "fieldName" : "isCurrentlyViewing",
        "type" : "boolean",
        "fullyQualifiedType" : "boolean",
        "columnName" : "isCurrentlyViewing",
        "isPrimaryKey" : false,
        "notNull" : false,
        "length" : 0,
        "precision" : 1,
        "generator" : "assigned",
        "isRelated" : false,
        "defaultValue" : "true",
        "scale" : 0
      } ],
      "entityName" : "ImageClicks",
      "fullyQualifiedName" : "com.gallery.gallerydb.ImageClicks",
      "tableType" : "TABLE",
      "primaryFields" : [ "id" ]
    },
    "isDefault" : true,
    "bindCount" : 3,
    "tableName" : "image_clicks",
    "tableType" : "TABLE",
    "properties" : [ "images", "userDetails" ],
    "relatedTables" : [ {
      "columnName" : "images",
      "relationName" : "images",
      "type" : "Images",
      "watchOn" : "GalleryDBImagesData",
      "package" : "com.gallery.gallerydb.ImageClicks"
    }, {
      "columnName" : "userDetails",
      "relationName" : "userDetails",
      "type" : "UserDetails",
      "watchOn" : "GalleryDBUserDetailsData",
      "package" : "com.gallery.gallerydb.ImageClicks"
    } ],
    "filterFields" : { },
    "filterExpressions" : {
      "condition" : "AND",
      "rules" : [ {
        "target" : "isCurrentlyViewing",
        "type" : "boolean",
        "matchMode" : "exact",
        "value" : true,
        "required" : false,
        "secondvalue" : ""
      } ]
    },
    "package" : "com.gallery.gallerydb.ImageClicks"
  },
  "FileServiceUploadFile" : {
    "_id" : "wm-FileServiceUploadFile-wm.ServiceVariable-1559051011402",
    "name" : "FileServiceUploadFile",
    "owner" : "Page",
    "category" : "wm.ServiceVariable",
    "dataBinding" : [ {
      "isList" : true,
      "target" : "files",
      "value" : "bind:Widgets.fileupload1.selectedFiles",
      "type" : "file"
    } ],
    "type" : "com.gallery.fileservice.FileService.FileUploadResponse",
    "service" : "FileService",
    "operation" : "uploadFile",
    "operationId" : "FileController_uploadFile",
    "operationType" : "post",
    "serviceType" : "JavaService",
    "dataSet" : [ ],
    "isList" : true,
    "maxResults" : 20,
    "startUpdate" : false,
    "autoUpdate" : true,
    "inFlightBehavior" : "executeLast",
    "transformationRequired" : false,
    "saveInPhonegap" : false,
    "isDefault" : true,
    "controller" : "File"
  },
  "GalleryDBImageClicksData" : {
    "_id" : "wm-GalleryDBImageClicksData-wm.LiveVariable-1559542256667",
    "name" : "GalleryDBImageClicksData",
    "owner" : "Page",
    "category" : "wm.LiveVariable",
    "dataBinding" : [ ],
    "operation" : "read",
    "dataSet" : [ ],
    "type" : "ImageClicks",
    "isList" : true,
    "saveInPhonegap" : false,
    "maxResults" : 20,
    "designMaxResults" : 10,
    "inFlightBehavior" : "executeLast",
    "startUpdate" : true,
    "autoUpdate" : true,
    "transformationRequired" : false,
    "liveSource" : "GalleryDB",
    "ignoreCase" : true,
    "matchMode" : "startignorecase",
    "orderBy" : "id asc",
    "propertiesMap" : {
      "columns" : [ {
        "fieldName" : "images",
        "type" : "integer",
        "fullyQualifiedType" : "integer",
        "columnName" : "image_id",
        "isPrimaryKey" : false,
        "notNull" : false,
        "length" : 0,
        "precision" : 10,
        "generator" : "assigned",
        "isRelated" : true,
        "defaultValue" : "",
        "relatedTableName" : "images",
        "relatedEntityName" : "Images",
        "relatedColumnName" : "imageId",
        "relatedFieldName" : "images.id",
        "isList" : false,
        "targetTable" : "images",
        "scale" : 0,
        "columns" : [ {
          "fieldName" : "userDetails",
          "type" : "integer",
          "fullyQualifiedType" : "integer",
          "columnName" : "owner_id",
          "isPrimaryKey" : false,
          "notNull" : false,
          "length" : 0,
          "precision" : 10,
          "generator" : "assigned",
          "isRelated" : true,
          "defaultValue" : "",
          "relatedColumnName" : "ownerId",
          "targetTable" : "user_details",
          "scale" : 0
        }, {
          "fieldName" : "id",
          "type" : "integer",
          "fullyQualifiedType" : "integer",
          "columnName" : "ID",
          "isPrimaryKey" : true,
          "notNull" : true,
          "length" : 0,
          "precision" : 10,
          "generator" : "identity",
          "isRelated" : false,
          "defaultValue" : "",
          "scale" : 0
        }, {
          "fieldName" : "imagePath",
          "type" : "string",
          "fullyQualifiedType" : "string",
          "columnName" : "image_path",
          "isPrimaryKey" : false,
          "notNull" : false,
          "length" : 255,
          "precision" : 0,
          "generator" : "assigned",
          "isRelated" : false,
          "defaultValue" : "",
          "scale" : 0
        } ]
      }, {
        "fieldName" : "userDetails",
        "type" : "integer",
        "fullyQualifiedType" : "integer",
        "columnName" : "user_id",
        "isPrimaryKey" : false,
        "notNull" : false,
        "length" : 0,
        "precision" : 10,
        "generator" : "assigned",
        "isRelated" : true,
        "defaultValue" : "",
        "relatedTableName" : "user_details",
        "relatedEntityName" : "UserDetails",
        "relatedColumnName" : "userId",
        "relatedFieldName" : "userDetails.id",
        "isList" : false,
        "targetTable" : "user_details",
        "scale" : 0,
        "columns" : [ {
          "fieldName" : "id",
          "type" : "integer",
          "fullyQualifiedType" : "integer",
          "columnName" : "ID",
          "isPrimaryKey" : true,
          "notNull" : true,
          "length" : 0,
          "precision" : 10,
          "generator" : "identity",
          "isRelated" : false,
          "defaultValue" : "",
          "scale" : 0
        }, {
          "fieldName" : "userName",
          "type" : "string",
          "fullyQualifiedType" : "string",
          "columnName" : "user_name",
          "isPrimaryKey" : false,
          "notNull" : false,
          "length" : 255,
          "precision" : 0,
          "generator" : "assigned",
          "isRelated" : false,
          "defaultValue" : "",
          "scale" : 0
        }, {
          "fieldName" : "password",
          "type" : "string",
          "fullyQualifiedType" : "string",
          "columnName" : "password",
          "isPrimaryKey" : false,
          "notNull" : false,
          "length" : 255,
          "precision" : 0,
          "generator" : "assigned",
          "isRelated" : false,
          "defaultValue" : "",
          "scale" : 0
        }, {
          "fieldName" : "mail",
          "type" : "string",
          "fullyQualifiedType" : "string",
          "columnName" : "mail",
          "isPrimaryKey" : false,
          "notNull" : false,
          "length" : 255,
          "precision" : 0,
          "generator" : "assigned",
          "isRelated" : false,
          "defaultValue" : "",
          "scale" : 0
        }, {
          "fieldName" : "imagePath",
          "type" : "string",
          "fullyQualifiedType" : "string",
          "columnName" : "image_path",
          "isPrimaryKey" : false,
          "notNull" : false,
          "length" : 255,
          "precision" : 0,
          "generator" : "assigned",
          "isRelated" : false,
          "defaultValue" : "",
          "scale" : 0
        }, {
          "fieldName" : "role",
          "type" : "string",
          "fullyQualifiedType" : "string",
          "columnName" : "role",
          "isPrimaryKey" : false,
          "notNull" : false,
          "length" : 255,
          "precision" : 0,
          "generator" : "assigned",
          "isRelated" : false,
          "defaultValue" : "user",
          "scale" : 0
        } ]
      }, {
        "fieldName" : "id",
        "type" : "integer",
        "fullyQualifiedType" : "integer",
        "columnName" : "ID",
        "isPrimaryKey" : true,
        "notNull" : true,
        "length" : 0,
        "precision" : 10,
        "generator" : "identity",
        "isRelated" : false,
        "defaultValue" : "",
        "scale" : 0
      }, {
        "fieldName" : "isCurrentlyViewing",
        "type" : "boolean",
        "fullyQualifiedType" : "boolean",
        "columnName" : "isCurrentlyViewing",
        "isPrimaryKey" : false,
        "notNull" : false,
        "length" : 0,
        "precision" : 1,
        "generator" : "assigned",
        "isRelated" : false,
        "defaultValue" : "true",
        "scale" : 0
      } ],
      "entityName" : "ImageClicks",
      "fullyQualifiedName" : "com.gallery.gallerydb.ImageClicks",
      "tableType" : "TABLE",
      "primaryFields" : [ "id" ]
    },
    "isDefault" : true,
    "bindCount" : 1,
    "tableName" : "image_clicks",
    "tableType" : "TABLE",
    "properties" : [ "images", "userDetails" ],
    "relatedTables" : [ {
      "columnName" : "images",
      "relationName" : "images",
      "type" : "Images",
      "watchOn" : "GalleryDBImagesData",
      "package" : "com.gallery.gallerydb.ImageClicks"
    }, {
      "columnName" : "userDetails",
      "relationName" : "userDetails",
      "type" : "UserDetails",
      "watchOn" : "GalleryDBUserDetailsData",
      "package" : "com.gallery.gallerydb.ImageClicks"
    } ],
    "filterExpressions" : { },
    "package" : "com.gallery.gallerydb.ImageClicks"
  },
  "insertIntoImage_clicks" : {
    "_id" : "wm-insertIntoImage_clicks-wm.LiveVariable-1559127706349",
    "name" : "insertIntoImage_clicks",
    "owner" : "Page",
    "category" : "wm.LiveVariable",
    "dataBinding" : [ {
      "target" : "imageId",
      "value" : "bind:Widgets.ImagesList2.selecteditem.id",
      "type" : "number"
    }, {
      "target" : "userId",
      "value" : "bind:Variables.loggedInUser.dataSet.id",
      "type" : "number"
    }, {
      "target" : "isCurrentlyViewing",
      "value" : true,
      "type" : "boolean"
    } ],
    "operation" : "insert",
    "dataSet" : [ ],
    "type" : "ImageClicks",
    "isList" : false,
    "saveInPhonegap" : false,
    "maxResults" : 20,
    "designMaxResults" : 10,
    "onSuccess" : "Widgets.dialog1.open()",
    "inFlightBehavior" : "executeLast",
    "startUpdate" : true,
    "autoUpdate" : true,
    "transformationRequired" : false,
    "liveSource" : "GalleryDB",
    "ignoreCase" : true,
    "matchMode" : "startignorecase",
    "orderBy" : "id asc",
    "propertiesMap" : {
      "columns" : [ {
        "fieldName" : "images",
        "type" : "integer",
        "fullyQualifiedType" : "integer",
        "columnName" : "image_id",
        "isPrimaryKey" : false,
        "notNull" : false,
        "length" : 0,
        "precision" : 10,
        "generator" : "assigned",
        "isRelated" : true,
        "defaultValue" : "",
        "relatedTableName" : "images",
        "relatedEntityName" : "Images",
        "relatedColumnName" : "imageId",
        "relatedFieldName" : "images.id",
        "isList" : false,
        "targetTable" : "images",
        "scale" : 0,
        "columns" : [ {
          "fieldName" : "userDetails",
          "type" : "integer",
          "fullyQualifiedType" : "integer",
          "columnName" : "owner_id",
          "isPrimaryKey" : false,
          "notNull" : false,
          "length" : 0,
          "precision" : 10,
          "generator" : "assigned",
          "isRelated" : true,
          "defaultValue" : "",
          "relatedColumnName" : "ownerId",
          "targetTable" : "user_details",
          "scale" : 0
        }, {
          "fieldName" : "id",
          "type" : "integer",
          "fullyQualifiedType" : "integer",
          "columnName" : "ID",
          "isPrimaryKey" : true,
          "notNull" : true,
          "length" : 0,
          "precision" : 10,
          "generator" : "identity",
          "isRelated" : false,
          "defaultValue" : "",
          "scale" : 0
        }, {
          "fieldName" : "imagePath",
          "type" : "string",
          "fullyQualifiedType" : "string",
          "columnName" : "image_path",
          "isPrimaryKey" : false,
          "notNull" : false,
          "length" : 255,
          "precision" : 0,
          "generator" : "assigned",
          "isRelated" : false,
          "defaultValue" : "",
          "scale" : 0
        } ]
      }, {
        "fieldName" : "userDetails",
        "type" : "integer",
        "fullyQualifiedType" : "integer",
        "columnName" : "user_id",
        "isPrimaryKey" : false,
        "notNull" : false,
        "length" : 0,
        "precision" : 10,
        "generator" : "assigned",
        "isRelated" : true,
        "defaultValue" : "",
        "relatedTableName" : "user_details",
        "relatedEntityName" : "UserDetails",
        "relatedColumnName" : "userId",
        "relatedFieldName" : "userDetails.id",
        "isList" : false,
        "targetTable" : "user_details",
        "scale" : 0,
        "columns" : [ {
          "fieldName" : "id",
          "type" : "integer",
          "fullyQualifiedType" : "integer",
          "columnName" : "ID",
          "isPrimaryKey" : true,
          "notNull" : true,
          "length" : 0,
          "precision" : 10,
          "generator" : "identity",
          "isRelated" : false,
          "defaultValue" : "",
          "scale" : 0
        }, {
          "fieldName" : "userName",
          "type" : "string",
          "fullyQualifiedType" : "string",
          "columnName" : "user_name",
          "isPrimaryKey" : false,
          "notNull" : false,
          "length" : 255,
          "precision" : 0,
          "generator" : "assigned",
          "isRelated" : false,
          "defaultValue" : "",
          "scale" : 0
        }, {
          "fieldName" : "password",
          "type" : "string",
          "fullyQualifiedType" : "string",
          "columnName" : "password",
          "isPrimaryKey" : false,
          "notNull" : false,
          "length" : 255,
          "precision" : 0,
          "generator" : "assigned",
          "isRelated" : false,
          "defaultValue" : "",
          "scale" : 0
        }, {
          "fieldName" : "mail",
          "type" : "string",
          "fullyQualifiedType" : "string",
          "columnName" : "mail",
          "isPrimaryKey" : false,
          "notNull" : false,
          "length" : 255,
          "precision" : 0,
          "generator" : "assigned",
          "isRelated" : false,
          "defaultValue" : "",
          "scale" : 0
        }, {
          "fieldName" : "imagePath",
          "type" : "string",
          "fullyQualifiedType" : "string",
          "columnName" : "image_path",
          "isPrimaryKey" : false,
          "notNull" : false,
          "length" : 255,
          "precision" : 0,
          "generator" : "assigned",
          "isRelated" : false,
          "defaultValue" : "",
          "scale" : 0
        }, {
          "fieldName" : "role",
          "type" : "string",
          "fullyQualifiedType" : "string",
          "columnName" : "role",
          "isPrimaryKey" : false,
          "notNull" : false,
          "length" : 255,
          "precision" : 0,
          "generator" : "assigned",
          "isRelated" : false,
          "defaultValue" : "user",
          "scale" : 0
        } ]
      }, {
        "fieldName" : "id",
        "type" : "integer",
        "fullyQualifiedType" : "integer",
        "columnName" : "ID",
        "isPrimaryKey" : true,
        "notNull" : true,
        "length" : 0,
        "precision" : 10,
        "generator" : "identity",
        "isRelated" : false,
        "defaultValue" : "",
        "scale" : 0
      }, {
        "fieldName" : "isCurrentlyViewing",
        "type" : "boolean",
        "fullyQualifiedType" : "boolean",
        "columnName" : "isCurrentlyViewing",
        "isPrimaryKey" : false,
        "notNull" : false,
        "length" : 0,
        "precision" : 1,
        "generator" : "assigned",
        "isRelated" : false,
        "defaultValue" : "true",
        "scale" : 0
      } ],
      "entityName" : "ImageClicks",
      "fullyQualifiedName" : "com.gallery.gallerydb.ImageClicks",
      "tableType" : "TABLE",
      "primaryFields" : [ "id" ]
    },
    "tableName" : "image_clicks",
    "tableType" : "TABLE",
    "properties" : [ "images", "userDetails" ],
    "relatedTables" : [ {
      "columnName" : "images",
      "relationName" : "images",
      "type" : "Images",
      "watchOn" : "GalleryDBImagesData",
      "package" : "com.gallery.gallerydb.ImageClicks"
    }, {
      "columnName" : "userDetails",
      "relationName" : "userDetails",
      "type" : "UserDetails",
      "watchOn" : "GalleryDBUserDetailsData",
      "package" : "com.gallery.gallerydb.ImageClicks"
    } ],
    "filterFields" : { },
    "filterExpressions" : { },
    "inputFields" : { },
    "package" : "com.gallery.gallerydb.ImageClicks"
  },
  "uploadImages" : {
    "_id" : "wm-uploadImages-wm.LiveVariable-1559051459788",
    "name" : "uploadImages",
    "owner" : "Page",
    "category" : "wm.LiveVariable",
    "dataBinding" : [ {
      "target" : "ownerId",
      "value" : "bind:Variables.loggedInUser.dataSet.id",
      "type" : "number"
    }, {
      "target" : "imagePath",
      "value" : "bind:Variables.FileServiceUploadFile.dataSet[$i].path",
      "type" : "string"
    } ],
    "operation" : "insert",
    "dataSet" : [ ],
    "type" : "Images",
    "isList" : false,
    "saveInPhonegap" : false,
    "maxResults" : 20,
    "designMaxResults" : 10,
    "inFlightBehavior" : "executeLast",
    "startUpdate" : false,
    "autoUpdate" : false,
    "transformationRequired" : false,
    "liveSource" : "GalleryDB",
    "ignoreCase" : true,
    "matchMode" : "startignorecase",
    "orderBy" : "id asc",
    "propertiesMap" : {
      "columns" : [ {
        "fieldName" : "userDetails",
        "type" : "integer",
        "fullyQualifiedType" : "integer",
        "columnName" : "owner_id",
        "isPrimaryKey" : false,
        "notNull" : false,
        "length" : 0,
        "precision" : 10,
        "generator" : "assigned",
        "isRelated" : true,
        "defaultValue" : "",
        "relatedTableName" : "user_details",
        "relatedEntityName" : "UserDetails",
        "relatedColumnName" : "ownerId",
        "relatedFieldName" : "userDetails.id",
        "isList" : false,
        "targetTable" : "user_details",
        "scale" : 0,
        "columns" : [ {
          "fieldName" : "id",
          "type" : "integer",
          "fullyQualifiedType" : "integer",
          "columnName" : "ID",
          "isPrimaryKey" : true,
          "notNull" : true,
          "length" : 0,
          "precision" : 10,
          "generator" : "identity",
          "isRelated" : false,
          "defaultValue" : "",
          "scale" : 0
        }, {
          "fieldName" : "userName",
          "type" : "string",
          "fullyQualifiedType" : "string",
          "columnName" : "user_name",
          "isPrimaryKey" : false,
          "notNull" : false,
          "length" : 255,
          "precision" : 0,
          "generator" : "assigned",
          "isRelated" : false,
          "defaultValue" : "",
          "scale" : 0
        }, {
          "fieldName" : "password",
          "type" : "string",
          "fullyQualifiedType" : "string",
          "columnName" : "password",
          "isPrimaryKey" : false,
          "notNull" : false,
          "length" : 255,
          "precision" : 0,
          "generator" : "assigned",
          "isRelated" : false,
          "defaultValue" : "",
          "scale" : 0
        }, {
          "fieldName" : "mail",
          "type" : "string",
          "fullyQualifiedType" : "string",
          "columnName" : "mail",
          "isPrimaryKey" : false,
          "notNull" : false,
          "length" : 255,
          "precision" : 0,
          "generator" : "assigned",
          "isRelated" : false,
          "defaultValue" : "",
          "scale" : 0
        }, {
          "fieldName" : "imagePath",
          "type" : "string",
          "fullyQualifiedType" : "string",
          "columnName" : "image_path",
          "isPrimaryKey" : false,
          "notNull" : false,
          "length" : 255,
          "precision" : 0,
          "generator" : "assigned",
          "isRelated" : false,
          "defaultValue" : "",
          "scale" : 0
        }, {
          "fieldName" : "role",
          "type" : "string",
          "fullyQualifiedType" : "string",
          "columnName" : "role",
          "isPrimaryKey" : false,
          "notNull" : false,
          "length" : 255,
          "precision" : 0,
          "generator" : "assigned",
          "isRelated" : false,
          "defaultValue" : "user",
          "scale" : 0
        } ]
      }, {
        "fieldName" : "id",
        "type" : "integer",
        "fullyQualifiedType" : "integer",
        "columnName" : "ID",
        "isPrimaryKey" : true,
        "notNull" : true,
        "length" : 0,
        "precision" : 10,
        "generator" : "identity",
        "isRelated" : false,
        "defaultValue" : "",
        "scale" : 0
      }, {
        "fieldName" : "imagePath",
        "type" : "string",
        "fullyQualifiedType" : "string",
        "columnName" : "image_path",
        "isPrimaryKey" : false,
        "notNull" : false,
        "length" : 255,
        "precision" : 0,
        "generator" : "assigned",
        "isRelated" : false,
        "defaultValue" : "",
        "scale" : 0
      } ],
      "entityName" : "Images",
      "fullyQualifiedName" : "com.gallery.gallerydb.Images",
      "tableType" : "TABLE",
      "primaryFields" : [ "id" ]
    },
    "tableName" : "images",
    "tableType" : "TABLE",
    "properties" : [ "userDetails" ],
    "relatedTables" : [ {
      "columnName" : "userDetails",
      "relationName" : "userDetails",
      "type" : "UserDetails",
      "watchOn" : "GalleryDBUserDetailsData",
      "package" : "com.gallery.gallerydb.Images"
    } ],
    "filterFields" : { },
    "filterExpressions" : { },
    "inputFields" : { },
    "package" : "com.gallery.gallerydb.Images"
  },
  "VariableToMakeFalse" : {
    "_id" : "wm-VariableToMakeFalse-wm.ServiceVariable-1559137803038",
    "name" : "VariableToMakeFalse",
    "owner" : "Page",
    "category" : "wm.ServiceVariable",
    "dataBinding" : [ {
      "target" : "id",
      "value" : "bind:Widgets.ImagesList2.selecteditem.id",
      "type" : "string"
    } ],
    "type" : "com.wavemaker.commons.wrapper.IntegerWrapper",
    "service" : "GalleryDB",
    "operation" : "executeQueryToMakeFalse",
    "operationId" : "QueryExecutionController_executeQueryToMakeFalse",
    "operationType" : "put",
    "serviceType" : "DataService",
    "dataSet" : [ ],
    "isList" : false,
    "maxResults" : 20,
    "startUpdate" : false,
    "autoUpdate" : false,
    "inFlightBehavior" : "executeLast",
    "transformationRequired" : false,
    "saveInPhonegap" : false,
    "controller" : "QueryExecution"
  }
}