{
  "username" : "{WM_CLOUD_MYSQL_USER_NAME}",
  "password" : "{WM_CLOUD_MYSQL_PASSWORD}",
  "url" : "jdbc:mysql://{WM_CLOUD_MYSQL_HOST}/sqrfiles?useUnicode=yes&characterEncoding=UTF-8&zeroDateTimeBehavior=convertToNull&createDatabaseIfNotExist=true",
  "driverClass" : "com.mysql.jdbc.Driver",
  "dialect" : "com.wavemaker.runtime.data.dialect.MySQLDialect",
  "serviceId" : "sqrfiles",
  "packageName" : "com.readthefile.sqrfiles",
  "dbType" : "MySQL",
  "host" : "{WM_CLOUD_MYSQL_HOST}",
  "dbName" : "sqrfiles",
  "port" : "",
  "schemaName" : null,
  "tableFilter" : [ {
    "table" : "fileinfo",
    "schema" : null
  } ],
  "schemaFilter" : [ ],
  "impersonateUser" : false,
  "activeDirectoryDomain" : null,
  "hbm2ddl" : "update",
  "maxPageSize" : 100,
  "minPoolSize" : 2,
  "maxPoolSize" : 4,
  "transactionTimeout" : 30,
  "dataSourceType" : "WM_MANAGED_DATASOURCE",
  "jndiName" : "",
  "reloadInfo" : {
    "reload" : false,
    "reason" : null,
    "message" : null,
    "reImport" : false
  },
  "readOnly" : false
}