{
  "cascadeEnabled" : false,
  "description" : "sqrfiles",
  "draft" : false,
  "name" : "sqrfiles",
  "packageName" : "com.readthefile.sqrfiles",
  "tables" : [ {
    "catalog" : "sqrfiles",
    "columns" : [ {
      "columnValue" : {
        "insertable" : true,
        "updatable" : true,
        "defaultValue" : "",
        "type" : "user-defined"
      },
      "constraintList" : [ ],
      "fieldName" : "id",
      "foreignKey" : false,
      "generatorType" : "identity",
      "generatorValue" : null,
      "hidden" : false,
      "javaType" : "integer",
      "length" : 0,
      "name" : "ID",
      "nullable" : false,
      "oldName" : "ID",
      "partOfAnyRelation" : false,
      "partOfForeignKey" : false,
      "partOfPrimaryKey" : true,
      "partOfUniqueKey" : true,
      "period" : false,
      "precision" : 10,
      "primaryKey" : true,
      "scale" : 0,
      "sequenceSchema" : null,
      "sqlType" : "number",
      "unique" : true
    }, {
      "columnValue" : {
        "insertable" : true,
        "updatable" : true,
        "defaultValue" : "",
        "type" : "user-defined"
      },
      "constraintList" : [ ],
      "fieldName" : "filename",
      "foreignKey" : false,
      "generatorType" : "assigned",
      "generatorValue" : null,
      "hidden" : false,
      "javaType" : "string",
      "length" : 255,
      "name" : "filename",
      "nullable" : true,
      "oldName" : "filename",
      "partOfAnyRelation" : false,
      "partOfForeignKey" : false,
      "partOfPrimaryKey" : false,
      "partOfUniqueKey" : false,
      "period" : false,
      "precision" : 0,
      "primaryKey" : false,
      "scale" : 0,
      "sequenceSchema" : null,
      "sqlType" : "string",
      "unique" : false
    }, {
      "columnValue" : {
        "insertable" : true,
        "updatable" : true,
        "defaultValue" : null,
        "type" : "user-defined"
      },
      "constraintList" : [ ],
      "fieldName" : "filecontent",
      "foreignKey" : false,
      "generatorType" : "assigned",
      "generatorValue" : null,
      "hidden" : false,
      "javaType" : "blob",
      "length" : -1,
      "name" : "filecontent",
      "nullable" : true,
      "oldName" : "filecontent",
      "partOfAnyRelation" : false,
      "partOfForeignKey" : false,
      "partOfPrimaryKey" : false,
      "partOfUniqueKey" : false,
      "period" : false,
      "precision" : 0,
      "primaryKey" : false,
      "scale" : 0,
      "sequenceSchema" : null,
      "sqlType" : "blob",
      "unique" : false
    } ],
    "constraints" : [ ],
    "entityName" : "Fileinfo",
    "filter" : null,
    "fullyQualifiedName" : "com.readthefile.sqrfiles.Fileinfo",
    "ignoreRefreshAfterInsert" : false,
    "name" : "fileinfo",
    "oldName" : "fileinfo",
    "primaryKey" : {
      "columns" : [ "ID" ],
      "composite" : false,
      "generator" : {
        "generatorType" : "identity",
        "generatorValue" : null,
        "schemaName" : null
      },
      "name" : "PRIMARY",
      "virtual" : false
    },
    "relations" : [ ],
    "schema" : null,
    "temporals" : [ ],
    "type" : "TABLE"
  } ]
}