<?xml version="1.0" encoding="utf-8"?>
<beans xmlns="http://www.springframework.org/schema/beans"
       xmlns:context="http://www.springframework.org/schema/context"
       xmlns:xsi="http://www.w3.org/2001/XMLSchema-instance" xmlns:tx="http://www.springframework.org/schema/tx"
       xsi:schemaLocation="http://www.springframework.org/schema/beans http://www.springframework.org/schema/beans/spring-beans.xsd   http://www.springframework.org/schema/context http://www.springframework.org/schema/context/spring-context.xsd http://www.springframework.org/schema/tx http://www.springframework.org/schema/tx/spring-tx.xsd">

    <context:component-scan base-package="com.readthefile.sqrfiles.controller,com.readthefile.sqrfiles.service,com.readthefile.sqrfiles.dao"/>
    <bean class="com.wavemaker.runtime.data.spring.WMPropertyPlaceholderConfigurer">
        <property name="locations">
            <list>
                <value>
                    classpath:sqrfiles.properties
                </value>
            </list>
        </property>
        <property name="ignoreUnresolvablePlaceholders" value="true"/>
        <property name="systemPropertiesModeName" value="SYSTEM_PROPERTIES_MODE_OVERRIDE"/>
        <property name="searchSystemEnvironment" value="true"/>
    </bean>

    <bean id="sqrfilesHikariConfig" class="com.zaxxer.hikari.HikariConfig">
        <property name="jdbcUrl" value="${sqrfiles.url}"/>
        <property name="driverClassName" value="${sqrfiles.driverClass}"/>
        <property name="username" value="${sqrfiles.username}"/>
        <property name="password" value="${sqrfiles.password}"/>
        <property name="maximumPoolSize" value="${sqrfiles.maxPoolSize}"/>
        <property name="minimumIdle" value="${sqrfiles.minPoolSize}"/>
        <property name="connectionTimeout" value="30000" />
        <property name="validationTimeout" value="5000" />
        <property name="idleTimeout" value="600000" />
        <property name="maxLifetime" value="1800000" />
        <property name="initializationFailTimeout" value="-1" />
        <property name="leakDetectionThreshold" value="120000" />
        <property name="registerMbeans" value="false" />
    </bean>

    <bean id="sqrfilesWMManagedDataSource" class="com.zaxxer.hikari.HikariDataSource" destroy-method="close" lazy-init="true">
        <constructor-arg ref="sqrfilesHikariConfig"/>
    </bean>

    <bean id="sqrfilesEntityInterceptor" class="com.wavemaker.runtime.data.interceptors.WMEntityInterceptor"/>

    <bean id="sqrfilesSessionFactory" class="org.springframework.orm.hibernate5.LocalSessionFactoryBean">
        <property name="dataSource" ref="sqrfilesDataSource"/>
        <property name="packagesToScan" value="com.readthefile.sqrfiles"/>
        <property name="entityInterceptor" ref="sqrfilesEntityInterceptor"/>
        <property name="entityTypeFilters" ref="nonHistoryEntitiesFilter"/>
        <property name="mappingResources">
            <list>
                <value>
                sqrfiles-queries.hbm.xml
                </value>
            </list>
        </property>

        <property name="hibernateProperties" ref="sqrfilesHibernateProperties"/>
    </bean>
    <bean id="sqrfilesTransactionManager" class="org.springframework.orm.hibernate5.HibernateTransactionManager">
        <property name="sessionFactory" ref="sqrfilesSessionFactory"/>
        <property name="defaultTimeout" value="${sqrfiles.transactionTimeout}"/>
    </bean>
    <bean id="sqrfilesTemplate" class="org.springframework.orm.hibernate5.HibernateTemplate">
        <property name="sessionFactory" ref="sqrfilesSessionFactory"/>
    </bean>
    
    <bean id="sqrfilesWMQLTypeHelper" class="com.wavemaker.runtime.data.dao.query.types.wmql.WMQLDefaultTypeHelper" lazy-init="false" />
    
    <bean id="sqrfilesWMQueryExecutor" class="com.wavemaker.runtime.data.dao.query.WMQueryExecutorImpl">
        <property name="template" ref="sqrfilesTemplate"/>
    </bean>
    <bean id="sqrfilesWMProcedureExecutor" class="com.wavemaker.runtime.data.dao.procedure.WMProcedureExecutorImpl">
        <property name="template" ref="sqrfilesTemplate"/>
        <property name="serviceId" value="sqrfiles"/>
    </bean>

    <bean id="sqrfilesHibernateProperties" class="org.springframework.beans.factory.config.PropertiesFactoryBean">
        <property name="properties">
            <props>
                <prop key="hibernate.dialect">
                ${sqrfiles.dialect}
                </prop>
                <prop key="hibernate.show_sql">
                    false
                </prop>
                <prop key="hibernate.globally_quoted_identifiers">
                    false
                </prop>
                <prop key="hibernate.hbm2ddl.auto">
                ${sqrfiles.hbm2ddl}
                </prop>
                <prop key="hibernate.temp.use_jdbc_metadata_defaults">
                    false
                </prop>
                <prop key="hibernate.schema_update.unique_constraint_strategy">
                    skip
                </prop>
            </props>
        </property>
    </bean>

    <bean id="sqrfilesPageableHandlerMethodResolver" class="com.wavemaker.runtime.resolver.WMPageableHandlerMethodArgumentResolver" >
        <property name="pageParameterName" value="page"/>
        <property name="sizeParameterName" value="size"/>
        <property name="oneIndexedParameters" value="true"/>
        <property name="maxPageSize" value="${sqrfiles.maxPageSize}"/>
        <property name="fallbackPageable">
            <bean  class="org.springframework.data.domain.PageRequest">
                <constructor-arg  value="0"/>
                <constructor-arg  value="20"/>
            </bean>
        </property>
    </bean>

    <bean id="sqrfilesDataSource" class="com.wavemaker.runtime.data.datasource.WMDataSource">
        <property name="dataSourceType" value="${sqrfiles.dataSourceType}"/>
        <property name="jndiName" value="${sqrfiles.jndiName}"/>
        <property name="serviceId" value="sqrfiles"/>
    </bean>


    <tx:annotation-driven/>

</beans>

