<?xml version="1.0" encoding="utf-8"?>
<beans xmlns="http://www.springframework.org/schema/beans"
       xmlns:context="http://www.springframework.org/schema/context"
       xmlns:xsi="http://www.w3.org/2001/XMLSchema-instance" xmlns:tx="http://www.springframework.org/schema/tx"
       xsi:schemaLocation="http://www.springframework.org/schema/beans http://www.springframework.org/schema/beans/spring-beans.xsd   http://www.springframework.org/schema/context http://www.springframework.org/schema/context/spring-context.xsd http://www.springframework.org/schema/tx http://www.springframework.org/schema/tx/spring-tx.xsd">

    <context:component-scan base-package="com.sqrfiles.filerepo.controller,com.sqrfiles.filerepo.service,com.sqrfiles.filerepo.dao"/>
    <bean class="com.wavemaker.runtime.data.spring.WMPropertyPlaceholderConfigurer">
        <property name="locations">
            <list>
                <value>
                    classpath:filerepo.properties
                </value>
            </list>
        </property>
        <property name="ignoreUnresolvablePlaceholders" value="true"/>
        <property name="systemPropertiesModeName" value="SYSTEM_PROPERTIES_MODE_OVERRIDE"/>
        <property name="searchSystemEnvironment" value="true"/>
    </bean>

    <bean id="filerepoHikariConfig" class="com.zaxxer.hikari.HikariConfig">
        <property name="jdbcUrl" value="${filerepo.url}"/>
        <property name="driverClassName" value="${filerepo.driverClass}"/>
        <property name="username" value="${filerepo.username}"/>
        <property name="password" value="${filerepo.password}"/>
        <property name="maximumPoolSize" value="${filerepo.maxPoolSize}"/>
        <property name="minimumIdle" value="${filerepo.minPoolSize}"/>
        <property name="connectionTimeout" value="30000" />
        <property name="validationTimeout" value="5000" />
        <property name="idleTimeout" value="600000" />
        <property name="maxLifetime" value="1800000" />
        <property name="initializationFailTimeout" value="-1" />
        <property name="leakDetectionThreshold" value="120000" />
        <property name="registerMbeans" value="false" />
    </bean>

    <bean id="filerepoWMManagedDataSource" class="com.zaxxer.hikari.HikariDataSource" destroy-method="close" lazy-init="true">
        <constructor-arg ref="filerepoHikariConfig"/>
    </bean>

    <bean id="filerepoEntityInterceptor" class="com.wavemaker.runtime.data.interceptors.WMEntityInterceptor"/>

    <bean id="filerepoSessionFactory" class="org.springframework.orm.hibernate5.LocalSessionFactoryBean">
        <property name="dataSource" ref="filerepoDataSource"/>
        <property name="packagesToScan" value="com.sqrfiles.filerepo"/>
        <property name="entityInterceptor" ref="filerepoEntityInterceptor"/>
        <property name="entityTypeFilters" ref="nonHistoryEntitiesFilter"/>
        <property name="mappingResources">
            <list>
                <value>
                filerepo-queries.hbm.xml
                </value>
            </list>
        </property>

        <property name="hibernateProperties" ref="filerepoHibernateProperties"/>
    </bean>
    <bean id="filerepoTransactionManager" class="org.springframework.orm.hibernate5.HibernateTransactionManager">
        <property name="sessionFactory" ref="filerepoSessionFactory"/>
        <property name="defaultTimeout" value="${filerepo.transactionTimeout}"/>
    </bean>
    <bean id="filerepoTemplate" class="org.springframework.orm.hibernate5.HibernateTemplate">
        <property name="sessionFactory" ref="filerepoSessionFactory"/>
    </bean>
    
    <bean id="filerepoWMQLTypeHelper" class="com.wavemaker.runtime.data.dao.query.types.wmql.WMQLDefaultTypeHelper" lazy-init="false" />
    
    <bean id="filerepoWMQueryExecutor" class="com.wavemaker.runtime.data.dao.query.WMQueryExecutorImpl">
        <property name="template" ref="filerepoTemplate"/>
    </bean>
    <bean id="filerepoWMProcedureExecutor" class="com.wavemaker.runtime.data.dao.procedure.WMProcedureExecutorImpl">
        <property name="template" ref="filerepoTemplate"/>
        <property name="serviceId" value="filerepo"/>
    </bean>

    <bean id="filerepoHibernateProperties" class="org.springframework.beans.factory.config.PropertiesFactoryBean">
        <property name="properties">
            <props>
                <prop key="hibernate.dialect">
                ${filerepo.dialect}
                </prop>
                <prop key="hibernate.show_sql">
                    false
                </prop>
                <prop key="hibernate.globally_quoted_identifiers">
                    false
                </prop>
                <prop key="hibernate.hbm2ddl.auto">
                ${filerepo.hbm2ddl}
                </prop>
                <prop key="hibernate.temp.use_jdbc_metadata_defaults">
                    false
                </prop>
                <prop key="hibernate.schema_update.unique_constraint_strategy">
                    skip
                </prop>
            </props>
        </property>
    </bean>

    <bean id="filerepoPageableHandlerMethodResolver" class="com.wavemaker.runtime.resolver.WMPageableHandlerMethodArgumentResolver" >
        <property name="pageParameterName" value="page"/>
        <property name="sizeParameterName" value="size"/>
        <property name="oneIndexedParameters" value="true"/>
        <property name="maxPageSize" value="${filerepo.maxPageSize}"/>
        <property name="fallbackPageable">
            <bean  class="org.springframework.data.domain.PageRequest">
                <constructor-arg  value="0"/>
                <constructor-arg  value="20"/>
            </bean>
        </property>
    </bean>

    <bean id="filerepoDataSource" class="com.wavemaker.runtime.data.datasource.WMDataSource">
        <property name="dataSourceType" value="${filerepo.dataSourceType}"/>
        <property name="jndiName" value="${filerepo.jndiName}"/>
        <property name="serviceId" value="filerepo"/>
    </bean>


    <tx:annotation-driven/>

</beans>

