{
  "modelName" : "GalleryDB",
  "entityName" : "UserDetails",
  "tableName" : "user_details",
  "unamePropertyName" : "userName",
  "unameColumnName" : "user_name",
  "uidPropertyName" : "id",
  "uidColumnName" : "ID",
  "pwPropertyName" : "password",
  "pwColumnName" : "password",
  "rolePropertyName" : "role",
  "roleColumnName" : "role",
  "useRolesQuery" : false,
  "rolesByUsernameQuery" : "",
  "tenantIdField" : null,
  "defTenantId" : 0,
  "tenantIdPropertyName" : null,
  "queryType" : "HQL"
}