[ {
  "urlPattern" : "/pages/footer/**",
  "permission" : "PermitAll",
  "roles" : [ ],
  "httpMethod" : null
}, {
  "urlPattern" : "/pages/header/**",
  "permission" : "PermitAll",
  "roles" : [ ],
  "httpMethod" : null
}, {
  "urlPattern" : "/pages/leftnav/**",
  "permission" : "PermitAll",
  "roles" : [ ],
  "httpMethod" : null
}, {
  "urlPattern" : "/pages/Login/**",
  "permission" : "PermitAll",
  "roles" : [ ],
  "httpMethod" : null
}, {
  "urlPattern" : "/pages/Main/**",
  "permission" : "PermitAll",
  "roles" : [ ],
  "httpMethod" : null
}, {
  "urlPattern" : "/pages/rightnav/**",
  "permission" : "PermitAll",
  "roles" : [ ],
  "httpMethod" : null
}, {
  "urlPattern" : "/pages/sign_up/**",
  "permission" : "PermitAll",
  "roles" : [ ],
  "httpMethod" : null
}, {
  "urlPattern" : "/pages/topnav/**",
  "permission" : "PermitAll",
  "roles" : [ ],
  "httpMethod" : null
}, {
  "urlPattern" : "/**",
  "permission" : "Authenticated",
  "roles" : null,
  "httpMethod" : null
}, {
  "urlPattern" : "/services/file/**",
  "permission" : "PermitAll",
  "roles" : [ ],
  "httpMethod" : null
}, {
  "urlPattern" : "/services/GalleryDB/**",
  "permission" : "PermitAll",
  "roles" : [ ],
  "httpMethod" : null
} ]