{
  "GalleryDBImageClicksData" : {
    "_id" : "wm-GalleryDBImageClicksData-wm.LiveVariable-1559222280263",
    "name" : "GalleryDBImageClicksData",
    "owner" : "Page",
    "category" : "wm.LiveVariable",
    "dataBinding" : [ ],
    "operation" : "read",
    "dataSet" : [ ],
    "type" : "ImageClicks",
    "isList" : true,
    "saveInPhonegap" : false,
    "maxResults" : 20,
    "designMaxResults" : 10,
    "inFlightBehavior" : "executeLast",
    "startUpdate" : true,
    "autoUpdate" : true,
    "transformationRequired" : false,
    "liveSource" : "GalleryDB",
    "ignoreCase" : true,
    "matchMode" : "startignorecase",
    "orderBy" : "id asc",
    "propertiesMap" : {
      "columns" : [ {
        "fieldName" : "images",
        "type" : "integer",
        "fullyQualifiedType" : "integer",
        "columnName" : "image_id",
        "isPrimaryKey" : false,
        "notNull" : false,
        "length" : 0,
        "precision" : 10,
        "generator" : "assigned",
        "isRelated" : true,
        "defaultValue" : "",
        "relatedTableName" : "images",
        "relatedEntityName" : "Images",
        "relatedColumnName" : "imageId",
        "relatedFieldName" : "images.id",
        "isList" : false,
        "targetTable" : "images",
        "scale" : 0,
        "columns" : [ {
          "fieldName" : "userDetails",
          "type" : "integer",
          "fullyQualifiedType" : "integer",
          "columnName" : "owner_id",
          "isPrimaryKey" : false,
          "notNull" : false,
          "length" : 0,
          "precision" : 10,
          "generator" : "assigned",
          "isRelated" : true,
          "defaultValue" : "",
          "relatedColumnName" : "ownerId",
          "targetTable" : "user_details",
          "scale" : 0
        }, {
          "fieldName" : "id",
          "type" : "integer",
          "fullyQualifiedType" : "integer",
          "columnName" : "ID",
          "isPrimaryKey" : true,
          "notNull" : true,
          "length" : 0,
          "precision" : 10,
          "generator" : "identity",
          "isRelated" : false,
          "defaultValue" : "",
          "scale" : 0
        }, {
          "fieldName" : "imagePath",
          "type" : "string",
          "fullyQualifiedType" : "string",
          "columnName" : "image_path",
          "isPrimaryKey" : false,
          "notNull" : false,
          "length" : 255,
          "precision" : 0,
          "generator" : "assigned",
          "isRelated" : false,
          "defaultValue" : "",
          "scale" : 0
        } ]
      }, {
        "fieldName" : "userDetails",
        "type" : "integer",
        "fullyQualifiedType" : "integer",
        "columnName" : "user_id",
        "isPrimaryKey" : false,
        "notNull" : false,
        "length" : 0,
        "precision" : 10,
        "generator" : "assigned",
        "isRelated" : true,
        "defaultValue" : "",
        "relatedTableName" : "user_details",
        "relatedEntityName" : "UserDetails",
        "relatedColumnName" : "userId",
        "relatedFieldName" : "userDetails.id",
        "isList" : false,
        "targetTable" : "user_details",
        "scale" : 0,
        "columns" : [ {
          "fieldName" : "id",
          "type" : "integer",
          "fullyQualifiedType" : "integer",
          "columnName" : "ID",
          "isPrimaryKey" : true,
          "notNull" : true,
          "length" : 0,
          "precision" : 10,
          "generator" : "identity",
          "isRelated" : false,
          "defaultValue" : "",
          "scale" : 0
        }, {
          "fieldName" : "userName",
          "type" : "string",
          "fullyQualifiedType" : "string",
          "columnName" : "user_name",
          "isPrimaryKey" : false,
          "notNull" : false,
          "length" : 255,
          "precision" : 0,
          "generator" : "assigned",
          "isRelated" : false,
          "defaultValue" : "",
          "scale" : 0
        }, {
          "fieldName" : "password",
          "type" : "string",
          "fullyQualifiedType" : "string",
          "columnName" : "password",
          "isPrimaryKey" : false,
          "notNull" : false,
          "length" : 255,
          "precision" : 0,
          "generator" : "assigned",
          "isRelated" : false,
          "defaultValue" : "",
          "scale" : 0
        }, {
          "fieldName" : "mail",
          "type" : "string",
          "fullyQualifiedType" : "string",
          "columnName" : "mail",
          "isPrimaryKey" : false,
          "notNull" : false,
          "length" : 255,
          "precision" : 0,
          "generator" : "assigned",
          "isRelated" : false,
          "defaultValue" : "",
          "scale" : 0
        }, {
          "fieldName" : "imagePath",
          "type" : "string",
          "fullyQualifiedType" : "string",
          "columnName" : "image_path",
          "isPrimaryKey" : false,
          "notNull" : false,
          "length" : 255,
          "precision" : 0,
          "generator" : "assigned",
          "isRelated" : false,
          "defaultValue" : "",
          "scale" : 0
        }, {
          "fieldName" : "role",
          "type" : "string",
          "fullyQualifiedType" : "string",
          "columnName" : "role",
          "isPrimaryKey" : false,
          "notNull" : false,
          "length" : 255,
          "precision" : 0,
          "generator" : "assigned",
          "isRelated" : false,
          "defaultValue" : "user",
          "scale" : 0
        } ]
      }, {
        "fieldName" : "id",
        "type" : "integer",
        "fullyQualifiedType" : "integer",
        "columnName" : "ID",
        "isPrimaryKey" : true,
        "notNull" : true,
        "length" : 0,
        "precision" : 10,
        "generator" : "identity",
        "isRelated" : false,
        "defaultValue" : "",
        "scale" : 0
      }, {
        "fieldName" : "isCurrentlyViewing",
        "type" : "boolean",
        "fullyQualifiedType" : "boolean",
        "columnName" : "isCurrentlyViewing",
        "isPrimaryKey" : false,
        "notNull" : false,
        "length" : 0,
        "precision" : 1,
        "generator" : "assigned",
        "isRelated" : false,
        "defaultValue" : "true",
        "scale" : 0
      } ],
      "entityName" : "ImageClicks",
      "fullyQualifiedName" : "com.gallery.gallerydb.ImageClicks",
      "tableType" : "TABLE",
      "primaryFields" : [ "id" ]
    },
    "isDefault" : true,
    "bindCount" : 1,
    "tableName" : "image_clicks",
    "tableType" : "TABLE",
    "properties" : [ "images", "userDetails" ],
    "relatedTables" : [ {
      "columnName" : "images",
      "relationName" : "images",
      "type" : "Images",
      "watchOn" : "GalleryDBImagesData",
      "package" : "com.gallery.gallerydb.ImageClicks"
    }, {
      "columnName" : "userDetails",
      "relationName" : "userDetails",
      "type" : "UserDetails",
      "watchOn" : "GalleryDBUserDetailsData",
      "package" : "com.gallery.gallerydb.ImageClicks"
    } ],
    "filterFields" : { },
    "filterExpressions" : {
      "condition" : "AND",
      "rules" : [ {
        "target" : "isCurrentlyViewing",
        "type" : "boolean",
        "matchMode" : "exact",
        "value" : true,
        "required" : false,
        "secondvalue" : ""
      } ]
    },
    "package" : "com.gallery.gallerydb.ImageClicks"
  }
}