{
  "cascadeEnabled" : false,
  "dataLockingOptions" : {
    "versionColumnName" : "VERSION",
    "lockingStrategy" : "NONE"
  },
  "description" : "GalleryDB",
  "draft" : true,
  "name" : "GalleryDB",
  "packageName" : "com.gallery.gallerydb",
  "tables" : [ {
    "catalog" : "GalleryDB",
    "columns" : [ {
      "columnValue" : {
        "insertable" : true,
        "updatable" : true,
        "defaultValue" : "",
        "type" : "user-defined"
      },
      "constraintList" : [ ],
      "fieldName" : "id",
      "foreignKey" : false,
      "generatorType" : "identity",
      "generatorValue" : null,
      "hidden" : false,
      "javaType" : "integer",
      "length" : 0,
      "name" : "ID",
      "nullable" : false,
      "oldName" : "ID",
      "partOfAnyRelation" : false,
      "partOfForeignKey" : false,
      "partOfPrimaryKey" : true,
      "partOfUniqueKey" : true,
      "period" : false,
      "precision" : 10,
      "primaryKey" : true,
      "scale" : 0,
      "sequenceSchema" : null,
      "sqlType" : "number",
      "unique" : true
    }, {
      "columnValue" : {
        "insertable" : true,
        "updatable" : true,
        "defaultValue" : "",
        "type" : "user-defined"
      },
      "constraintList" : [ ],
      "fieldName" : "imageId",
      "foreignKey" : true,
      "generatorType" : "assigned",
      "generatorValue" : null,
      "hidden" : false,
      "javaType" : "integer",
      "length" : 0,
      "name" : "image_id",
      "nullable" : true,
      "oldName" : "image_id",
      "partOfAnyRelation" : true,
      "partOfForeignKey" : true,
      "partOfPrimaryKey" : false,
      "partOfUniqueKey" : false,
      "period" : false,
      "precision" : 10,
      "primaryKey" : false,
      "scale" : 0,
      "sequenceSchema" : null,
      "sqlType" : "number",
      "unique" : false
    }, {
      "columnValue" : {
        "insertable" : true,
        "updatable" : true,
        "defaultValue" : "",
        "type" : "user-defined"
      },
      "constraintList" : [ ],
      "fieldName" : "userId",
      "foreignKey" : true,
      "generatorType" : "assigned",
      "generatorValue" : null,
      "hidden" : false,
      "javaType" : "integer",
      "length" : 0,
      "name" : "user_id",
      "nullable" : true,
      "oldName" : "user_id",
      "partOfAnyRelation" : true,
      "partOfForeignKey" : true,
      "partOfPrimaryKey" : false,
      "partOfUniqueKey" : false,
      "period" : false,
      "precision" : 10,
      "primaryKey" : false,
      "scale" : 0,
      "sequenceSchema" : null,
      "sqlType" : "number",
      "unique" : false
    }, {
      "columnValue" : {
        "insertable" : true,
        "updatable" : true,
        "defaultValue" : "true",
        "type" : "user-defined"
      },
      "constraintList" : [ ],
      "fieldName" : "isCurrentlyViewing",
      "foreignKey" : false,
      "generatorType" : "assigned",
      "generatorValue" : null,
      "hidden" : false,
      "javaType" : "boolean",
      "length" : 0,
      "name" : "isCurrentlyViewing",
      "nullable" : true,
      "oldName" : "isCurrentlyViewing",
      "partOfAnyRelation" : false,
      "partOfForeignKey" : false,
      "partOfPrimaryKey" : false,
      "partOfUniqueKey" : false,
      "period" : false,
      "precision" : 1,
      "primaryKey" : false,
      "scale" : 0,
      "sequenceSchema" : null,
      "sqlType" : "boolean",
      "unique" : false
    } ],
    "constraints" : [ ],
    "entityName" : "ImageClicks",
    "filter" : null,
    "fullyQualifiedName" : "com.gallery.gallerydb.ImageClicks",
    "ignoreRefreshAfterInsert" : false,
    "name" : "image_clicks",
    "oldName" : "image_clicks",
    "primaryKey" : {
      "columns" : [ "ID" ],
      "composite" : false,
      "generator" : {
        "generatorType" : "identity",
        "generatorValue" : null,
        "schemaName" : null
      },
      "name" : "PRIMARY",
      "virtual" : false
    },
    "relations" : [ {
      "cardinality" : "ManyToOne",
      "cascadeEnabled" : false,
      "cascadeOptions" : {
        "cascadeRemove" : "NONE",
        "cascadeReplace" : true
      },
      "columnsUniqueKey" : false,
      "composite" : false,
      "fetchOptions" : {
        "fetch" : true,
        "columnsFilter" : [ ]
      },
      "fieldName" : "images",
      "ignored" : false,
      "mappings" : [ {
        "sourceColumn" : "image_id",
        "targetColumn" : "ID"
      } ],
      "name" : "FK_image_clicks_TO_imageZb2Hp",
      "parentFetchOptions" : {
        "fetch" : false,
        "columnsFilter" : [ ]
      },
      "primary" : true,
      "selfRelation" : false,
      "sourceColumnsNotUniqueKey" : true,
      "sourceTable" : "image_clicks",
      "targetColumnsUniqueKey" : false,
      "targetTable" : "images",
      "valid" : true,
      "virtual" : false
    }, {
      "cardinality" : "ManyToOne",
      "cascadeEnabled" : false,
      "cascadeOptions" : {
        "cascadeRemove" : "NONE",
        "cascadeReplace" : true
      },
      "columnsUniqueKey" : false,
      "composite" : false,
      "fetchOptions" : {
        "fetch" : true,
        "columnsFilter" : [ ]
      },
      "fieldName" : "userDetails",
      "ignored" : false,
      "mappings" : [ {
        "sourceColumn" : "user_id",
        "targetColumn" : "ID"
      } ],
      "name" : "FK_image_clicks_TO_user_F7gg3",
      "parentFetchOptions" : {
        "fetch" : false,
        "columnsFilter" : [ ]
      },
      "primary" : true,
      "selfRelation" : false,
      "sourceColumnsNotUniqueKey" : true,
      "sourceTable" : "image_clicks",
      "targetColumnsUniqueKey" : false,
      "targetTable" : "user_details",
      "valid" : true,
      "virtual" : false
    } ],
    "schema" : null,
    "tableDataLockingOptions" : {
      "versionColumnName" : "VERSION",
      "lockingStrategy" : "NONE",
      "overrideStrategy" : "INHERIT"
    },
    "temporals" : [ ],
    "type" : "TABLE"
  }, {
    "catalog" : "GalleryDB",
    "columns" : [ {
      "columnValue" : {
        "insertable" : true,
        "updatable" : true,
        "defaultValue" : "",
        "type" : "user-defined"
      },
      "constraintList" : [ ],
      "fieldName" : "id",
      "foreignKey" : false,
      "generatorType" : "identity",
      "generatorValue" : null,
      "hidden" : false,
      "javaType" : "integer",
      "length" : 0,
      "name" : "ID",
      "nullable" : false,
      "oldName" : "ID",
      "partOfAnyRelation" : false,
      "partOfForeignKey" : false,
      "partOfPrimaryKey" : true,
      "partOfUniqueKey" : true,
      "period" : false,
      "precision" : 10,
      "primaryKey" : true,
      "scale" : 0,
      "sequenceSchema" : null,
      "sqlType" : "number",
      "unique" : true
    }, {
      "columnValue" : {
        "insertable" : true,
        "updatable" : true,
        "defaultValue" : "",
        "type" : "user-defined"
      },
      "constraintList" : [ ],
      "fieldName" : "ownerId",
      "foreignKey" : true,
      "generatorType" : "assigned",
      "generatorValue" : null,
      "hidden" : false,
      "javaType" : "integer",
      "length" : 0,
      "name" : "owner_id",
      "nullable" : true,
      "oldName" : "owner_id",
      "partOfAnyRelation" : true,
      "partOfForeignKey" : true,
      "partOfPrimaryKey" : false,
      "partOfUniqueKey" : false,
      "period" : false,
      "precision" : 10,
      "primaryKey" : false,
      "scale" : 0,
      "sequenceSchema" : null,
      "sqlType" : "number",
      "unique" : false
    }, {
      "columnValue" : {
        "insertable" : true,
        "updatable" : true,
        "defaultValue" : "",
        "type" : "user-defined"
      },
      "constraintList" : [ ],
      "fieldName" : "imagePath",
      "foreignKey" : false,
      "generatorType" : "assigned",
      "generatorValue" : null,
      "hidden" : false,
      "javaType" : "string",
      "length" : 255,
      "name" : "image_path",
      "nullable" : true,
      "oldName" : "image_path",
      "partOfAnyRelation" : false,
      "partOfForeignKey" : false,
      "partOfPrimaryKey" : false,
      "partOfUniqueKey" : false,
      "period" : false,
      "precision" : 0,
      "primaryKey" : false,
      "scale" : 0,
      "sequenceSchema" : null,
      "sqlType" : "string",
      "unique" : false
    } ],
    "constraints" : [ ],
    "entityName" : "Images",
    "filter" : null,
    "fullyQualifiedName" : "com.gallery.gallerydb.Images",
    "ignoreRefreshAfterInsert" : false,
    "name" : "images",
    "oldName" : "images",
    "primaryKey" : {
      "columns" : [ "ID" ],
      "composite" : false,
      "generator" : {
        "generatorType" : "identity",
        "generatorValue" : null,
        "schemaName" : null
      },
      "name" : "PRIMARY",
      "virtual" : false
    },
    "relations" : [ {
      "cardinality" : "ManyToOne",
      "cascadeEnabled" : false,
      "cascadeOptions" : {
        "cascadeRemove" : "NONE",
        "cascadeReplace" : true
      },
      "columnsUniqueKey" : false,
      "composite" : false,
      "fetchOptions" : {
        "fetch" : true,
        "columnsFilter" : [ ]
      },
      "fieldName" : "userDetails",
      "ignored" : false,
      "mappings" : [ {
        "sourceColumn" : "owner_id",
        "targetColumn" : "ID"
      } ],
      "name" : "FK_images_TO_user_detailiaNiB",
      "parentFetchOptions" : {
        "fetch" : false,
        "columnsFilter" : [ ]
      },
      "primary" : true,
      "selfRelation" : false,
      "sourceColumnsNotUniqueKey" : true,
      "sourceTable" : "images",
      "targetColumnsUniqueKey" : false,
      "targetTable" : "user_details",
      "valid" : true,
      "virtual" : false
    } ],
    "schema" : null,
    "tableDataLockingOptions" : {
      "versionColumnName" : "VERSION",
      "lockingStrategy" : "NONE",
      "overrideStrategy" : "INHERIT"
    },
    "temporals" : [ ],
    "type" : "TABLE"
  }, {
    "catalog" : "GalleryDB",
    "columns" : [ {
      "columnValue" : {
        "insertable" : true,
        "updatable" : true,
        "defaultValue" : "",
        "type" : "user-defined"
      },
      "constraintList" : [ ],
      "fieldName" : "id",
      "foreignKey" : false,
      "generatorType" : "identity",
      "generatorValue" : null,
      "hidden" : false,
      "javaType" : "integer",
      "length" : 0,
      "name" : "ID",
      "nullable" : false,
      "oldName" : "ID",
      "partOfAnyRelation" : false,
      "partOfForeignKey" : false,
      "partOfPrimaryKey" : true,
      "partOfUniqueKey" : true,
      "period" : false,
      "precision" : 10,
      "primaryKey" : true,
      "scale" : 0,
      "sequenceSchema" : null,
      "sqlType" : "number",
      "unique" : true
    }, {
      "columnValue" : {
        "insertable" : true,
        "updatable" : true,
        "defaultValue" : "",
        "type" : "user-defined"
      },
      "constraintList" : [ ],
      "fieldName" : "userName",
      "foreignKey" : false,
      "generatorType" : "assigned",
      "generatorValue" : null,
      "hidden" : false,
      "javaType" : "string",
      "length" : 255,
      "name" : "user_name",
      "nullable" : true,
      "oldName" : "user_name",
      "partOfAnyRelation" : false,
      "partOfForeignKey" : false,
      "partOfPrimaryKey" : false,
      "partOfUniqueKey" : false,
      "period" : false,
      "precision" : 0,
      "primaryKey" : false,
      "scale" : 0,
      "sequenceSchema" : null,
      "sqlType" : "string",
      "unique" : false
    }, {
      "columnValue" : {
        "insertable" : true,
        "updatable" : true,
        "defaultValue" : "",
        "type" : "user-defined"
      },
      "constraintList" : [ ],
      "fieldName" : "password",
      "foreignKey" : false,
      "generatorType" : "assigned",
      "generatorValue" : null,
      "hidden" : false,
      "javaType" : "string",
      "length" : 255,
      "name" : "password",
      "nullable" : true,
      "oldName" : "password",
      "partOfAnyRelation" : false,
      "partOfForeignKey" : false,
      "partOfPrimaryKey" : false,
      "partOfUniqueKey" : false,
      "period" : false,
      "precision" : 0,
      "primaryKey" : false,
      "scale" : 0,
      "sequenceSchema" : null,
      "sqlType" : "string",
      "unique" : false
    }, {
      "columnValue" : {
        "insertable" : true,
        "updatable" : true,
        "defaultValue" : "",
        "type" : "user-defined"
      },
      "constraintList" : [ ],
      "fieldName" : "mail",
      "foreignKey" : false,
      "generatorType" : "assigned",
      "generatorValue" : null,
      "hidden" : false,
      "javaType" : "string",
      "length" : 255,
      "name" : "mail",
      "nullable" : true,
      "oldName" : "mail",
      "partOfAnyRelation" : false,
      "partOfForeignKey" : false,
      "partOfPrimaryKey" : false,
      "partOfUniqueKey" : false,
      "period" : false,
      "precision" : 0,
      "primaryKey" : false,
      "scale" : 0,
      "sequenceSchema" : null,
      "sqlType" : "string",
      "unique" : false
    }, {
      "columnValue" : {
        "insertable" : true,
        "updatable" : true,
        "defaultValue" : "",
        "type" : "user-defined"
      },
      "constraintList" : [ ],
      "fieldName" : "imagePath",
      "foreignKey" : false,
      "generatorType" : "assigned",
      "generatorValue" : null,
      "hidden" : false,
      "javaType" : "string",
      "length" : 255,
      "name" : "image_path",
      "nullable" : true,
      "oldName" : "image_path",
      "partOfAnyRelation" : false,
      "partOfForeignKey" : false,
      "partOfPrimaryKey" : false,
      "partOfUniqueKey" : false,
      "period" : false,
      "precision" : 0,
      "primaryKey" : false,
      "scale" : 0,
      "sequenceSchema" : null,
      "sqlType" : "string",
      "unique" : false
    }, {
      "columnValue" : {
        "insertable" : true,
        "updatable" : true,
        "defaultValue" : "user",
        "type" : "user-defined"
      },
      "constraintList" : [ ],
      "fieldName" : "role",
      "foreignKey" : false,
      "generatorType" : "assigned",
      "generatorValue" : null,
      "hidden" : false,
      "javaType" : "string",
      "length" : 255,
      "name" : "role",
      "nullable" : true,
      "oldName" : "role",
      "partOfAnyRelation" : false,
      "partOfForeignKey" : false,
      "partOfPrimaryKey" : false,
      "partOfUniqueKey" : false,
      "period" : false,
      "precision" : 0,
      "primaryKey" : false,
      "scale" : 0,
      "sequenceSchema" : null,
      "sqlType" : "string",
      "unique" : false
    } ],
    "constraints" : [ ],
    "entityName" : "UserDetails",
    "filter" : null,
    "fullyQualifiedName" : "com.gallery.gallerydb.UserDetails",
    "ignoreRefreshAfterInsert" : false,
    "name" : "user_details",
    "oldName" : "user_details",
    "primaryKey" : {
      "columns" : [ "ID" ],
      "composite" : false,
      "generator" : {
        "generatorType" : "identity",
        "generatorValue" : null,
        "schemaName" : null
      },
      "name" : "PRIMARY",
      "virtual" : false
    },
    "relations" : [ ],
    "schema" : null,
    "tableDataLockingOptions" : {
      "versionColumnName" : "VERSION",
      "lockingStrategy" : "NONE",
      "overrideStrategy" : "INHERIT"
    },
    "temporals" : [ ],
    "type" : "TABLE"
  }, {
    "catalog" : "GalleryDB",
    "columns" : [ {
      "columnValue" : {
        "insertable" : true,
        "updatable" : true,
        "defaultValue" : "",
        "type" : "user-defined"
      },
      "constraintList" : [ ],
      "fieldName" : "id",
      "foreignKey" : false,
      "generatorType" : "identity",
      "generatorValue" : null,
      "hidden" : false,
      "javaType" : "integer",
      "length" : 0,
      "name" : "ID",
      "nullable" : false,
      "oldName" : "ID",
      "partOfAnyRelation" : false,
      "partOfForeignKey" : false,
      "partOfPrimaryKey" : true,
      "partOfUniqueKey" : true,
      "period" : false,
      "precision" : 10,
      "primaryKey" : true,
      "scale" : 0,
      "sequenceSchema" : null,
      "sqlType" : "number",
      "unique" : true
    }, {
      "columnValue" : {
        "insertable" : true,
        "updatable" : true,
        "defaultValue" : "",
        "type" : "user-defined"
      },
      "constraintList" : [ ],
      "fieldName" : "imagePath",
      "foreignKey" : false,
      "generatorType" : "assigned",
      "generatorValue" : null,
      "hidden" : false,
      "javaType" : "string",
      "length" : 255,
      "name" : "image_path",
      "nullable" : true,
      "oldName" : "image_path",
      "partOfAnyRelation" : false,
      "partOfForeignKey" : false,
      "partOfPrimaryKey" : false,
      "partOfUniqueKey" : false,
      "period" : false,
      "precision" : 0,
      "primaryKey" : false,
      "scale" : 0,
      "sequenceSchema" : null,
      "sqlType" : "string",
      "unique" : false
    }, {
      "columnValue" : {
        "insertable" : true,
        "updatable" : true,
        "defaultValue" : "true",
        "type" : "user-defined"
      },
      "constraintList" : [ ],
      "fieldName" : "onOrOff",
      "foreignKey" : false,
      "generatorType" : "assigned",
      "generatorValue" : null,
      "hidden" : false,
      "javaType" : "boolean",
      "length" : 0,
      "name" : "onOrOff",
      "nullable" : true,
      "oldName" : "onOrOff",
      "partOfAnyRelation" : false,
      "partOfForeignKey" : false,
      "partOfPrimaryKey" : false,
      "partOfUniqueKey" : false,
      "period" : false,
      "precision" : 1,
      "primaryKey" : false,
      "scale" : 0,
      "sequenceSchema" : null,
      "sqlType" : "boolean",
      "unique" : false
    } ],
    "constraints" : [ ],
    "entityName" : "Dummy",
    "filter" : null,
    "fullyQualifiedName" : "com.gallery.gallerydb.Dummy",
    "ignoreRefreshAfterInsert" : false,
    "name" : "image",
    "oldName" : "dummy",
    "primaryKey" : {
      "columns" : [ "ID" ],
      "composite" : false,
      "generator" : {
        "generatorType" : "identity",
        "generatorValue" : null,
        "schemaName" : null
      },
      "name" : "PRIMARY",
      "virtual" : false
    },
    "relations" : [ ],
    "schema" : null,
    "tableDataLockingOptions" : {
      "versionColumnName" : "VERSION",
      "lockingStrategy" : "NONE",
      "overrideStrategy" : "INHERIT"
    },
    "temporals" : [ ],
    "type" : "TABLE"
  } ]
}