{
  "queryToMakeFalse" : {
    "name" : "queryToMakeFalse",
    "description" : "This will make isCurrentlyViewing column in image_clicks table as false. Once he closes the dialog.",
    "version" : "V2",
    "queryString" : "update image_clicks \nset isCurrentlyViewing=false \nwhere image_id=:id",
    "countQueryString" : null,
    "offlineQueryString" : null,
    "nativeSql" : true,
    "fetchCount" : false,
    "type" : "UPDATE",
    "parameters" : [ {
      "name" : "id",
      "type" : "string",
      "list" : false,
      "variableType" : "PROMPT",
      "variableName" : "",
      "testValue" : "1",
      "required" : true
    } ],
    "request" : {
      "wrapped" : true,
      "typeRef" : "com.gallery.gallerydb.models.query.QueryToMakeFalseRequest",
      "method" : "PUT"
    },
    "identifiers" : [ ],
    "response" : {
      "typeRef" : "java.lang.Integer",
      "returns" : "ENTITY",
      "responseType" : "SINGLE"
    }
  }
}