{
  "downloadfiles" : {
    "_id" : "wm-downloadfiles-wm.ServiceVariable-1553687777377",
    "name" : "downloadfiles",
    "owner" : "Page",
    "category" : "wm.ServiceVariable",
    "dataBinding" : [ {
      "target" : "file",
      "value" : "bind:Widgets.SqrFilesTable1.selecteditem.filename",
      "type" : "string"
    }, {
      "target" : "relativePath",
      "value" : "bind:Widgets.SqrFilesTable1.selecteditem.fileurl",
      "type" : "string"
    }, {
      "target" : "returnName",
      "value" : "bind:Widgets.SqrFilesTable1.selecteditem.filename",
      "type" : "string"
    } ],
    "type" : "com.wavemaker.runtime.file.model.DownloadResponse",
    "service" : "FileService",
    "operation" : "getDownloadFile",
    "operationId" : "FileController_getDownloadFile",
    "operationType" : "get",
    "serviceType" : "JavaService",
    "dataSet" : [ ],
    "isList" : false,
    "maxResults" : 20,
    "startUpdate" : false,
    "autoUpdate" : true,
    "inFlightBehavior" : "executeLast",
    "transformationRequired" : false,
    "saveInPhonegap" : false,
    "controller" : "File"
  },
  "FilerepoSqrFilesData1" : {
    "_id" : "wm-FilerepoSqrFilesData1-wm.LiveVariable-1553693303415",
    "name" : "FilerepoSqrFilesData1",
    "owner" : "Page",
    "category" : "wm.LiveVariable",
    "dataBinding" : [ ],
    "operation" : "read",
    "dataSet" : [ ],
    "type" : "SqrFiles",
    "isList" : true,
    "saveInPhonegap" : false,
    "maxResults" : 20,
    "designMaxResults" : 10,
    "inFlightBehavior" : "executeLast",
    "startUpdate" : true,
    "autoUpdate" : true,
    "transformationRequired" : false,
    "liveSource" : "filerepo",
    "ignoreCase" : true,
    "matchMode" : "startignorecase",
    "orderBy" : "id asc",
    "propertiesMap" : {
      "columns" : [ {
        "fieldName" : "id",
        "type" : "integer",
        "fullyQualifiedType" : "integer",
        "columnName" : "ID",
        "isPrimaryKey" : true,
        "notNull" : true,
        "length" : 0,
        "precision" : 10,
        "generator" : "identity",
        "isRelated" : false,
        "defaultValue" : "",
        "scale" : 0
      }, {
        "fieldName" : "workspaceId",
        "type" : "integer",
        "fullyQualifiedType" : "integer",
        "columnName" : "Workspace_id",
        "isPrimaryKey" : false,
        "notNull" : false,
        "length" : 0,
        "precision" : 10,
        "generator" : "assigned",
        "isRelated" : false,
        "defaultValue" : "",
        "scale" : 0
      }, {
        "fieldName" : "filename",
        "type" : "string",
        "fullyQualifiedType" : "string",
        "columnName" : "filename",
        "isPrimaryKey" : false,
        "notNull" : false,
        "length" : 255,
        "precision" : 0,
        "generator" : "assigned",
        "isRelated" : false,
        "defaultValue" : "",
        "scale" : 0
      }, {
        "fieldName" : "status",
        "type" : "string",
        "fullyQualifiedType" : "string",
        "columnName" : "status",
        "isPrimaryKey" : false,
        "notNull" : false,
        "length" : 255,
        "precision" : 0,
        "generator" : "assigned",
        "isRelated" : false,
        "defaultValue" : "",
        "scale" : 0
      }, {
        "fieldName" : "fileurl",
        "type" : "string",
        "fullyQualifiedType" : "string",
        "columnName" : "fileurl",
        "isPrimaryKey" : false,
        "notNull" : false,
        "length" : 255,
        "precision" : 0,
        "generator" : "assigned",
        "isRelated" : false,
        "defaultValue" : "",
        "scale" : 0
      }, {
        "fieldName" : "filecontent",
        "type" : "blob",
        "fullyQualifiedType" : "blob",
        "columnName" : "filecontent",
        "isPrimaryKey" : false,
        "notNull" : false,
        "length" : -1,
        "precision" : 0,
        "generator" : "assigned",
        "isRelated" : false,
        "scale" : 0
      } ],
      "entityName" : "SqrFiles",
      "fullyQualifiedName" : "com.sqrfiles.filerepo.SqrFiles",
      "tableType" : "TABLE",
      "primaryFields" : [ "id" ]
    },
    "isDefault" : true,
    "bindCount" : 2,
    "tableName" : "SQR_FILES",
    "tableType" : "TABLE",
    "properties" : [ ],
    "relatedTables" : [ ],
    "filterExpressions" : { },
    "package" : "com.sqrfiles.filerepo.SqrFiles"
  }
}