{
  "FileServiceUploadFile" : {
    "_id" : "wm-FileServiceUploadFile-wm.ServiceVariable-1553682356418",
    "name" : "FileServiceUploadFile",
    "owner" : "Page",
    "category" : "wm.ServiceVariable",
    "dataBinding" : [ {
      "isList" : true,
      "target" : "files",
      "value" : "bind:Widgets.fileupload1.selectedFiles",
      "type" : "file"
    }, {
      "target" : "relativePath",
      "value" : "bind:Widgets.fileupload1.selectedFiles",
      "type" : "string"
    } ],
    "type" : "com.sqrfiles.fileservice.FileService.FileUploadResponse",
    "service" : "FileService",
    "operation" : "uploadFile",
    "operationId" : "FileController_uploadFile",
    "operationType" : "post",
    "serviceType" : "JavaService",
    "dataSet" : [ ],
    "isList" : true,
    "maxResults" : 20,
    "startUpdate" : false,
    "autoUpdate" : false,
    "inFlightBehavior" : "executeLast",
    "transformationRequired" : false,
    "saveInPhonegap" : false,
    "isDefault" : true,
    "controller" : "File"
  },
  "inserttodb" : {
    "_id" : "wm-inserttodb-wm.LiveVariable-1553684128193",
    "name" : "inserttodb",
    "owner" : "Page",
    "category" : "wm.LiveVariable",
    "dataBinding" : [ {
      "target" : "workspaceId",
      "value" : 1,
      "type" : "number"
    }, {
      "target" : "filename",
      "value" : "bind:Widgets.fileupload1.selectedFiles[$i].name",
      "type" : "string"
    }, {
      "target" : "filecontent",
      "value" : "bind:Widgets.fileupload1.selectedFiles",
      "type" : "blob"
    } ],
    "operation" : "insert",
    "dataSet" : [ ],
    "type" : "SqrFiles",
    "isList" : false,
    "saveInPhonegap" : false,
    "maxResults" : 20,
    "designMaxResults" : 10,
    "inFlightBehavior" : "executeLast",
    "startUpdate" : false,
    "autoUpdate" : false,
    "transformationRequired" : false,
    "liveSource" : "filerepo",
    "ignoreCase" : true,
    "matchMode" : "startignorecase",
    "orderBy" : "id asc",
    "propertiesMap" : {
      "columns" : [ {
        "fieldName" : "id",
        "type" : "integer",
        "fullyQualifiedType" : "integer",
        "columnName" : "ID",
        "isPrimaryKey" : true,
        "notNull" : true,
        "length" : 0,
        "precision" : 10,
        "generator" : "identity",
        "isRelated" : false,
        "defaultValue" : "",
        "scale" : 0
      }, {
        "fieldName" : "workspaceId",
        "type" : "integer",
        "fullyQualifiedType" : "integer",
        "columnName" : "Workspace_id",
        "isPrimaryKey" : false,
        "notNull" : false,
        "length" : 0,
        "precision" : 10,
        "generator" : "assigned",
        "isRelated" : false,
        "defaultValue" : "",
        "scale" : 0
      }, {
        "fieldName" : "filename",
        "type" : "string",
        "fullyQualifiedType" : "string",
        "columnName" : "filename",
        "isPrimaryKey" : false,
        "notNull" : false,
        "length" : 255,
        "precision" : 0,
        "generator" : "assigned",
        "isRelated" : false,
        "defaultValue" : "",
        "scale" : 0
      }, {
        "fieldName" : "status",
        "type" : "string",
        "fullyQualifiedType" : "string",
        "columnName" : "status",
        "isPrimaryKey" : false,
        "notNull" : false,
        "length" : 255,
        "precision" : 0,
        "generator" : "assigned",
        "isRelated" : false,
        "defaultValue" : "",
        "scale" : 0
      }, {
        "fieldName" : "fileurl",
        "type" : "string",
        "fullyQualifiedType" : "string",
        "columnName" : "fileurl",
        "isPrimaryKey" : false,
        "notNull" : false,
        "length" : 255,
        "precision" : 0,
        "generator" : "assigned",
        "isRelated" : false,
        "defaultValue" : "",
        "scale" : 0
      }, {
        "fieldName" : "filecontent",
        "type" : "blob",
        "fullyQualifiedType" : "blob",
        "columnName" : "filecontent",
        "isPrimaryKey" : false,
        "notNull" : false,
        "length" : -1,
        "precision" : 0,
        "generator" : "assigned",
        "isRelated" : false,
        "scale" : 0
      } ],
      "entityName" : "SqrFiles",
      "fullyQualifiedName" : "com.sqrfiles.filerepo.SqrFiles",
      "tableType" : "TABLE",
      "primaryFields" : [ "id" ]
    },
    "tableName" : "SQR_FILES",
    "tableType" : "TABLE",
    "properties" : [ ],
    "relatedTables" : [ ],
    "filterFields" : { },
    "filterExpressions" : { },
    "inputFields" : { },
    "package" : "com.sqrfiles.filerepo.SqrFiles"
  },
  "serviceVariable1" : {
    "_id" : "wm-serviceVariable1-wm.ServiceVariable-1553690806907",
    "name" : "serviceVariable1",
    "owner" : "Page",
    "category" : "wm.ServiceVariable",
    "dataBinding" : [ {
      "target" : "relativePath",
      "value" : "bind:Variables.inserttodb.dataSet.fileurl",
      "type" : "string"
    } ],
    "type" : "com.sqrfiles.fileservice.FileService.WMFile",
    "service" : "FileService",
    "operation" : "listFiles",
    "operationId" : "FileController_listFiles",
    "operationType" : "get",
    "serviceType" : "JavaService",
    "dataSet" : [ ],
    "isList" : true,
    "maxResults" : 20,
    "startUpdate" : false,
    "autoUpdate" : true,
    "inFlightBehavior" : "executeLast",
    "transformationRequired" : false,
    "saveInPhonegap" : false,
    "controller" : "File"
  }
}