{
  "description" : null,
  "methods" : {
    "samplePaymentGateway" : [ {
      "url" : {
        "value" : "/samplePaymentGateway",
        "modified" : false
      },
      "method" : {
        "value" : "GET",
        "modified" : false
      },
      "accessSpecifier" : "APP_ONLY",
      "parameters" : { }
    } ],
    "transaction" : [ {
      "url" : {
        "value" : "/transaction",
        "modified" : false
      },
      "method" : {
        "value" : "GET",
        "modified" : false
      },
      "accessSpecifier" : "APP_ONLY",
      "parameters" : {
        "nonce" : {
          "name" : {
            "value" : "nonce",
            "modified" : false
          },
          "in" : {
            "value" : "QUERY",
            "modified" : false
          },
          "required" : {
            "value" : false,
            "modified" : false
          }
        },
        "amount" : {
          "name" : {
            "value" : "amount",
            "modified" : false
          },
          "in" : {
            "value" : "QUERY",
            "modified" : false
          },
          "required" : {
            "value" : false,
            "modified" : false
          }
        },
        "merchant_account" : {
          "name" : {
            "value" : "merchant_account",
            "modified" : false
          },
          "in" : {
            "value" : "QUERY",
            "modified" : false
          },
          "required" : {
            "value" : false,
            "modified" : false
          }
        }
      }
    } ]
  }
}